index	date	title_es	title_eu	summary_es	summary_eu
0	2026-08-07	La familia niega que el Ayuntamiento investigara el caso Mítika	Familiak ukatu du Udalak Mitika kasua ikertu izana	GasteizBerri recoge la respuesta de la familia a las declaraciones de la alcaldesa sobre la investigación municipal.	GasteizBerrik familiaren erantzuna jaso du, alkateak udal ikerketari buruz egindako adierazpenen harira.
1	2026-08-04	La alcaldesa responde sobre las agresiones previas en Mítika	Alkateak Mitikako aurretiazko erasoei buruz erantzun du	GasteizBerri recoge las declaraciones de Maider Etxebarria, quien afirma que no le constaba que se conocieran esos antecedentes.	GasteizBerrik Maider Etxebarriaren adierazpenak jaso ditu: alkateak dio ez zuela aurrekari horien ezagutzaren berri.
2	2026-07-08	La familia cuestiona la respuesta municipal sobre Mítika	Familiak Udalaren erantzuna auzitan jarri du Mitika kasuan	GasteizBerri informa de las críticas de la familia al Ayuntamiento y del debate sobre las advertencias anteriores a la muerte de Kerman.	GasteizBerrik familiak Udalari egindako kritikak eta Kerman hil aurreko ohartarazpenei buruzko eztabaida jaso ditu.
3	2026-06-14	El informe municipal al Ararteko recoge 13 agresiones de porteros	Arartekoari igorritako udal txostenak atezainen 13 eraso jaso ditu	GasteizBerri aborda la información remitida al Ararteko sobre intervenciones por agresiones anteriores a la muerte de Kerman.	GasteizBerrik Kerman hil aurreko erasoengatik egindako esku hartzeei buruz Arartekoari helarazitako informazioa aztertu du.
4	2026-08-04	La alcaldesa afirma que desconocía los antecedentes de Mítika	Alkateak dio ez zekiela Mitikako aurrekarien berri	elDiario.es recoge las declaraciones de la alcaldesa y las reclamaciones de la familia sobre la actuación del Ayuntamiento.	elDiario.es-ek alkatearen adierazpenak eta familiak Udalaren jardunari buruz egindako eskaerak jaso ditu.
5	2026-07-16	La familia reúne 22 antecedentes de agresiones en Mítika	Familiak Mitikako erasoen 22 aurrekari bildu ditu	elDiario.es informa de la documentación reunida por la familia sobre presuntas agresiones anteriores atribuidas a porteros del local.	elDiario.es-ek familiak bildutako dokumentazioaren berri eman du, lokaleko atezainei egotzitako ustezko aurretiazko erasoei buruz.
6	2026-07-15	La subcontratación de la seguridad de Mítika, bajo examen	Mitikako segurtasunaren azpikontratazioa aztergai	elDiario.es examina la relación entre la seguridad del local y una empresa cuya actividad declarada era la reparación de vehículos.	elDiario.es-ek lokaleko segurtasunaren eta ibilgailuak konpontzea jarduera aitortutzat zuen enpresa baten arteko lotura aztertu du.
8	2026-01-01	El entramado empresarial vinculado a Baskonia y Alavés	Baskonia eta Alavesi lotutako enpresa sarea	elDiario.es describe la diversificación empresarial del grupo de Querejeta más allá de la actividad deportiva.	elDiario.es-ek Querejetaren taldeak kirol jardueratik harago dituen enpresa negozioak azaldu ditu.
9	2025-12-03	Seguridad prepara sanciones a Mítika y Le Basque	Segurtasun Sailak Mitika eta Le Basquerentzako zigorrak prestatu ditu	elDiario.es informa del expediente relacionado con la contratación del servicio de seguridad de la discoteca.	elDiario.es-ek diskotekako segurtasun zerbitzuaren kontratazioari lotutako espedientearen berri eman du.
10	2026-08-07	La familia rechaza que hubiera una investigación municipal sobre Mítika	Kerman Villateren familiak ukatu du Udalak Mitika kasua argitzeko barne ikerketarik egin izana	Berria recoge la distinción que hace la familia entre un expediente disciplinario y una investigación sobre lo sucedido.	Berriak familiaren azalpena jaso du: diziplina espedientea eta gertatutakoa argitzeko ikerketa bereizi ditu familiak.
11	2025-12-24	«El asesino de Kerman»: carta publicada en Berria	«Kermanen hiltzailea»: Berrian argitaratutako gutuna	Carta a la dirección de Berria que expresa una valoración sobre la muerte de Kerman y el tratamiento judicial del caso.	Berriako zuzendariari bidalitako gutunak Kermanen heriotzari eta auziaren tratamendu judizialari buruzko iritzia azaltzen du.
12	2026-01-19	La familia recurre al Supremo para que se juzgue al acusado por asesinato	Familiak Auzitegi Gorenera jo du akusatua erailketagatik epai dezaten	Berria informa del recurso de la familia y de su reclamación sobre la calificación penal de los hechos.	Berriak familiaren errekurtsoaren eta gertakarien kalifikazio penalari buruz egindako eskaeraren berri eman du.
13	2025-11-28	Entrevista a Roberto Villate y Arantza Beitia en Berria	Roberto Villateri eta Arantza Beitiari elkarrizketa Berrian	Los padres de Kerman relatan en Berria su dolor y su reacción ante la situación judicial del acusado.	Kermanen gurasoek beren mina eta akusatuaren egoera judizialaren aurrean duten jarrera azaldu dituzte Berrian.
14	2026-06-11	La búsqueda de la verdad social, judicial e institucional	Egia sozial, judizial eta instituzionalaren bila	Naiz Irratia recoge una conversación sobre la búsqueda de verdad y justicia en el caso de Kerman.	Naiz Irratiak Kermanen kasuan egia eta justizia bilatzeari buruzko elkarrizketa jaso du.
15	2025-12-13	Una concentración reclama justicia para Kerman Villate	Elkarretaratze batek justizia eskatu du Kerman Villaterentzat	Naiz informa de la movilización celebrada en Vitoria-Gasteiz para acompañar a la familia y reclamar justicia.	Naizek Gasteizen familiari babesa emateko eta justizia eskatzeko egindako mobilizazioaren berri eman du.
16	2026-08-02	Nuevos testimonios sobre agresiones anteriores en Mítika	Mitikako aurretiazko erasoei buruzko testigantza berriak	ORAIN recoge testimonios de jóvenes que denuncian agresiones de porteros anteriores a la muerte de Kerman.	ORAINek Kerman hil aurretik atezainen erasoak salatu zituzten gazteen testigantzak jaso ditu.
18	2026-08-07	La familia desmiente que el Ayuntamiento investigara internamente el caso	Familiak gezurtatu du Udalak kasua barnean ikertu izana	ORAIN recoge la respuesta de la familia a la alcaldesa y su petición de documentación y colaboración con la justicia.	ORAINek familiak alkateari emandako erantzuna jaso du, baita dokumentazioa eta justiziarekiko lankidetza eskatu izana ere.
20	2025-12-13	Vitoria-Gasteiz homenajea a Kerman Villate	Kerman Villate omendu dute Gasteizen	ORAIN informa del homenaje celebrado en memoria de Kerman, fallecido tras el golpe de un portero de Mítika.	ORAINek Mitikako atezain baten kolpearen ondorioz hildako Kermanen oroimenez egindako omenaldiaren berri eman du.
21	2025-12-01	La familia valora las imágenes del golpe y reclama un juicio por asesinato	Familiak kolpearen irudiak baloratu eta erailketagatik epaitzea eskatu du	ORAIN recoge la interpretación de la familia sobre las imágenes y su desacuerdo con la decisión judicial sobre el acusado.	ORAINek familiak irudiei buruz egindako interpretazioa eta akusatuaren inguruko erabaki judizialarekiko desadostasuna jaso ditu.
23	2026-08-02	Egia Kermanentzat presenta su web y una mesa informativa	Egia Kermanentzat elkarteak webgunea eta informazio mahaia aurkeztu ditu	Noticias de Álava anuncia la web de la asociación y la mesa informativa prevista para el 5 de agosto en Vitoria-Gasteiz.	Noticias de Álavak elkartearen webgunearen eta abuztuaren 5erako Gasteizen aurreikusitako informazio mahaiaren berri eman du.
24	2026-06-15	Una nueva asociación reclama justicia y verdad para Kerman	Elkarte berri batek justizia eta egia eskatu ditu Kermanentzat	Noticias de Álava informa de la creación de una asociación que reclama el esclarecimiento de la muerte de Kerman.	Noticias de Álavak Kermanen heriotza argitzea eskatzen duen elkarte berriaren sorreraren berri eman du.
25	2025-12-13	Vitoria-Gasteiz pide justicia para Kerman Villate	Gasteizek justizia eskatu du Kerman Villaterentzat	Noticias de Álava recoge la movilización ciudadana en recuerdo de Kerman y en demanda de justicia.	Noticias de Álavak Kerman oroitzeko eta justizia eskatzeko herritarrek egindako mobilizazioa jaso du.
26	2026-04-30	La familia cuestiona la respuesta judicial al recurso	Familiak errekurtsoari emandako erantzun judiziala auzitan jarri du	Cadena SER recoge la reacción familiar tras la inadmisión del recurso ante el Supremo y sus críticas al recorrido judicial del caso.	Cadena SERek familiaren erreakzioa jaso du Gorenak errekurtsoa ez onartu ondoren, baita auziaren bide judizialari egindako kritikak ere.
27	2026-02-23	Un año sin Kerman: la familia mantiene su reclamación de justicia	Urtebete Kerman gabe: familiak justizia eskatzen jarraitzen du	Cadena SER entrevista a la familia en el primer aniversario y recoge sus preocupaciones sobre el recorrido judicial del caso.	Cadena SERek familiari elkarrizketa egin dio lehen urteurrenean, eta auziaren bide judizialari buruzko kezkak jaso ditu.
28	2026-04-30	Roberto Villate habla sobre los derechos de Kerman	Roberto Villate Kermanen eskubideei buruz mintzatu da	Audio de la entrevista de SER Vitoria al padre de Kerman sobre la inadmisión del recurso presentado ante el Supremo.	SER Vitoriak Kermanen aitari egindako elkarrizketaren audioa, Gorenaren aurrean aurkeztutako errekurtsoa ez onartzeari buruz.
29	2025-05-21	La familia denuncia negligencias institucionales ante el Parlamento Vasco	Familiak erakundeen zabarkeriak salatu ditu Eusko Legebiltzarraren aurrean	Cadena SER informa de la carta en la que la familia solicita reformas y garantías para evitar que se repitan hechos similares.	Cadena SERek familiaren gutunaren berri eman du; erreformak eta antzeko gertakariak ez errepikatzeko bermeak eskatzen ditu.
30	2025-11-27	Arantza Beitia valora la puesta en libertad del acusado	Arantza Beitiak akusatua aske utzi izana baloratu du	La madre de Kerman expresa en Cadena SER su desacuerdo con la decisión judicial y su preocupación por el mensaje que transmite.	Kermanen amak Cadena SERen azaldu du erabaki judizialarekiko desadostasuna eta hark zabaltzen duen mezuarekiko kezka.
31	2026-06-09	Egia Kermanentzat critica los criterios de Fiscalía y Audiencia	Egia Kermanentzat elkarteak Fiskaltzaren eta Auzitegiaren irizpideak kritikatu ditu	El Correo recoge las críticas de la asociación sobre el tratamiento judicial del caso y el riesgo de absolución que denuncia.	El Correok elkartearen kritikak jaso ditu auziaren tratamendu judizialari buruz, baita elkarteak salatzen duen absoluzio arriskua ere.
32	2026-07-08	La familia denuncia desamparo ante la respuesta municipal	Familiak babesgabetasuna salatu du Udalaren erantzunaren aurrean	El Correo informa de las críticas de la familia a la actuación del Ayuntamiento y a su respuesta al Ararteko.	El Correok familiak Udalaren jardunari eta Arartekoari emandako erantzunari egindako kritikak jaso ditu.
33	2026-06-03	Nace una asociación para esclarecer la muerte de Kerman	Kermanen heriotza argitzeko elkartea sortu dute	El Correo presenta la iniciativa de familiares y amistades para reclamar verdad y justicia por la muerte de Kerman.	El Correok senideek eta lagunek Kermanen heriotzaren inguruko egia eta justizia eskatzeko sortutako ekimena aurkeztu du.
34	2026-06-13	El Ararteko cuestiona la actuación municipal ante los incidentes de Mítika	Arartekoak Udalaren jarduna auzitan jarri du Mitikako gertakarien harira	El Correo informa del reproche del Ararteko al Ayuntamiento por su respuesta a 29 incidentes anteriores a la muerte de Kerman.	El Correok Arartekoak Udalari egindako kritikaren berri eman du, Kerman hil aurreko 29 gertakariri emandako erantzunagatik.
35	2025-12-03	Sanciones a Mítika, la empresa de seguridad y varios porteros	Mitikari, segurtasun enpresari eta hainbat atezaini zigorrak	El Correo informa de sanciones cercanas a 100.000 euros por incumplimientos relacionados con la seguridad privada.	El Correok segurtasun pribatuaren arloko arau hausteengatik ezarritako ia 100.000 euroko zigorren berri eman du.
36	2026-02-23	Un año del crimen de Mítika	Urtebete Mitikako hilketatik	Gasteiz Hoy repasa el caso al cumplirse un año de la muerte de Kerman y plantea su impacto en la seguridad del ocio nocturno.	Gasteiz Hoyk kasua berrikusi du Kerman hil zenetik urtebete igarota, eta gaueko aisialdiaren segurtasunari buruzko gogoeta egin du.
37	2025-12-03	Multas a los responsables de Mítika	Mitikako arduradunentzako isunak	Gasteiz Hoy informa de las sanciones tramitadas contra responsables de la discoteca y de su servicio de seguridad.	Gasteiz Hoyk diskotekako eta segurtasun zerbitzuko arduradunen aurka izapidetutako zigorren berri eman du.
38	2025-03-05	Controles sobre las licencias de porteros en Vitoria-Gasteiz	Atezainen lizentziei buruzko kontrolak Gasteizen	Gasteiz Hoy informa de controles municipales sobre la habilitación de porteros de locales de ocio tras lo ocurrido en Mítika.	Gasteiz Hoyk aisialdi lokaletako atezainen gaikuntzari buruzko udal kontrolen berri eman du, Mitikan gertatutakoaren ondoren.
